SKU/EAN,Descricao,Categoria,Unidade,Custo Unitario,Preco Venda,Saldo Contado,Validade
7898681940059,AGUA DE COCO 1 LITRO AQUA COCO,AGUA DE COCO,UN,,,,
7898994496007,AGUA DE COCO AJA COCO 300 ML,AGUA DE COCO,UN,,,,
7898994496021,AGUA DE COCO AJA COCO 900 ML,AGUA DE COCO,UN,,,,
7898902230389,AGUA DE COCO DO PORTO NATURAL 1 LT,AGUA DE COCO,UN,,,,
7896016608766,AGUA DE COCO DUCOCO 1LT,AGUA DE COCO,UN,,,,
7896016601972,AGUA DE COCO DUCOCO 200 ML,AGUA DE COCO,UN,,,,
7896828000239,AGUA DE COCO KERO COCO 1 LT,AGUA DE COCO,UN,,,,
7896828000017,AGUA DE COCO KERO COCO 200ML,AGUA DE COCO,UN,,,,
7896828000482,AGUA DE COCO KERO COCO 330 ML,AGUA DE COCO,UN,,,,
7898930848013,AGUA DE COCO NATUCOCO COPO 300 ML,AGUA DE COCO,UN,,,,
7896002110921,AGUARDENTE 51 OURO 965 ML,AGUARDENTE,UN,,,,
7896050200124,AGUARDENTE VELHO BARREIRO 910ML,AGUARDENTE,UN,,,,
7898947389981,ALGODAO ISABABY 50GR HIDROGILO,ALGODAO E COTONETE,UN,,,,
7898291219521,APARELHO BOZZANO COMFORT,APARELHO DE BARBEAR,UN,,,,
7898291219514,APARELHO BOZZANO COMFORT 2 LAMINAS,APARELHO DE BARBEAR,UN,,,,
7891050003300,BB GIN SEAGRAMS 750ML,BEBIDAS ALCOOLICAS,UN,,,,
5000329002537,BEB GIN BEEFEATER 750ML,BEBIDAS ALCOOLICAS,UN,,,,
7896002111034,BEBIDA ICE 51 BALADA 275ML,BEBIDAS ALCOOLICAS,UN,,,,
7896002111508,BEBIDA ICE 51 FRUIT MIX 275ML,BEBIDAS ALCOOLICAS,UN,,,,
7896002110983,BEBIDA ICE 51 KIWI 275ML,BEBIDAS ALCOOLICAS,UN,,,,
7896002110419,BEBIDA ICE 51 LIMAO 275 ML,BEBIDAS ALCOOLICAS,UN,,,,
7896002110457,BEBIDA ICE 51 MARACUJA 275ML,BEBIDAS ALCOOLICAS,UN,,,,
7893218003603,BEBIDA SMIRNOFF ICE 275ML,BEBIDAS ALCOOLICAS,UN,,,,
897076002003,BULLDOG GIN 750 ML,BEBIDAS ALCOOLICAS,UN,,,,
5000289020701,CACHACA GIN GORDONS 750ML,BEBIDAS ALCOOLICAS,UN,,,,
7896037918646,GIN ROCKS STRAWBERRY ROSA 995 ML,BEBIDAS ALCOOLICAS,UN,,,,
5000291020706,GIN TANQUERAY 750ML,BEBIDAS ALCOOLICAS,UN,,,,
7896002112109,ICE 51 MELANCIA 275 ML,BEBIDAS ALCOOLICAS,UN,,,,
7894900336535,JACK&COKE LT 269ML,BEBIDAS ALCOOLICAS,UN,,,,
6001108093776,LICOR AMARULA VANILLA SPICE 750ML,BEBIDAS ALCOOLICAS,UN,,,,
8410221902915,LICOR CREME CHOCOLATE 43 700 ML,BEBIDAS ALCOOLICAS,UN1,,,,
618231762644,LICOR FINO BALLENA MORANGO COM TEQUILA 750ML,BEBIDAS ALCOOLICAS,UN1,,,,
7891121220001,LICOR STOCK COCONUT 720ML,BEBIDAS ALCOOLICAS,UN,,,,
7891121214000,LICOR STOCK KIWI 720ML,BEBIDAS ALCOOLICAS,UN,,,,
7898920634336,LOHAN XAROPE FRUTAS TROPICAIS 500 ML,BEBIDAS ALCOOLICAS,UN1,,,,
7898920634282,LOHAN XAROPE GENGIBRE 500 ML,BEBIDAS ALCOOLICAS,UN1,,,,
7898920634329,LOHAN XAROPE LIMÃO SICILIANO 500 ML,BEBIDAS ALCOOLICAS,UN1,,,,
7896010004007,SKYY VODKA 980 ML,BEBIDAS ALCOOLICAS,UN,,,,
7896010006315,MILANO CAMPARI 998ML,CAMPARI,UN,,,,
7898939191097,"CARVAO VEGETAL 4,5 KG",CARVAO,UN,,,,
7898939191011,CARVAO VEGETAL BRASA DE OURO 2.8KG,CARVAO,UN,,,,
7896045506934,CERVEJA AMSTEL LAGER SLEEK LATA 350ML,CERVEJAS,UN,,,,
7896045505319,CERVEJA AMSTEL LATA 269ML,CERVEJAS,UN,,,,
7896045506415,CERVEJA AMSTEL ULTRA 0.269LT UN,CERVEJAS,UN,,,,
7896045506439,CERVEJA AMSTEL ULTRA 0.275 LN,CERVEJAS,UN,,,,
7891991000796,CERVEJA ANTARCTICA PILSEM LATA 350ML,CERVEJAS,UN,,,,
7891991010061,CERVEJA ANTARCTICA PILSEN LATA 269ML,CERVEJAS,UN,,,,
7891991000178,CERVEJA ANTARCTICA PROFISSA PILSEN LONG NECK 300ML,CERVEJAS,UN,,,,
7898230716616,CERVEJA BADEN PILSEN CRISTAL LATA 350ML,CERVEJAS,UN,,,,
7898230716630,CERVEJA BADEN WITBIER SLEEK 350ML,CERVEJAS,UN,,,,
7891991307185,CERVEJA BEATS RED MIX LT 269ML,CERVEJAS,UN,,,,
7891149103270,CERVEJA BRAHMA CHOPP LATA 269ML,CERVEJAS,UN,,,,
7891149105151,CERVEJA BRAHMA PROFISSA 300ML,CERVEJAS,UN,,,,
7891991011877,CERVEJA BUDWEISER LATA 269ML,CERVEJAS,UN,,,,
7891991010481,CERVEJA BUDWEISER LATA 350ML,CERVEJAS,UN,,,,
7891991304986,CERVEJA BUDWEISER LONG NECK 300ML,CERVEJAS,UN,,,,
7891991014762,CERVEJA BUDWEISER LONG NECK 330ML,CERVEJAS,UN,,,,
7896388010303,CERVEJA CERPA EXPORT LATA 350ML,CERVEJAS,UN,,,,
7896388010556,CERVEJA CERPA EXPORT LONG NECK 350ML,CERVEJAS,UN,,,,
7896388010655,CERVEJA CERPA PRIME LONG NECK 350ML,CERVEJAS,UN,,,,
7891991306324,CERVEJA CORONA EXTRA LATA 269ML,CERVEJAS,UN,,,,
7891149108718,CERVEJA CORONA EXTRA N LONG NECK 330ML,CERVEJAS,UN,,,,
7898904771606,CERVEJA DEVASSA LAGER LATA 350ML,CERVEJAS,UN,,,,
7898367980010,CERVEJA EISENBAHN PILSEN LONG NECK 355ML,CERVEJAS,UN,,,,
7896045506859,CERVEJA HEINEKEN 0.0% LATA 269ML,CERVEJAS,UN,,,,
7896045506590,CERVEJA HEINEKEN LATA 269ML,CERVEJAS,UN,,,,
78935495,CERVEJA HEINEKEN LONG NECK 250 ML,CERVEJAS,UN,,,,
78936683,CERVEJA HEINEKEN LONG NECK 330ML,CERVEJAS,UN,,,,
7896045506873,CERVEJA HEINEKEN PILSEN SLEEK LATA 350ML,CERVEJAS,UN,,,,
7896045506910,CERVEJA HEINEKEN ZERO LATA SLEEK 350ML,CERVEJAS,UN,,,,
7896045506040,CERVEJA HEINEKEN ZERO LONG NECK 330 ML,CERVEJAS,UN,,,,
7898915949407,CERVEJA IMPERIO LAGER LATA VERDE 269ML,CERVEJAS,UN,,,,
7898915949155,CERVEJA IMPERIO LAGER LONG NECK 275ML,CERVEJAS,UN,,,,
7898915949216,CERVEJA IMPERIO PILSEN LATA BRANCO 269ML,CERVEJAS,UN,,,,
7898915949957,CERVEJA IMPERIO ULTRA GARRAFA 275ML,CERVEJAS,UN,,,,
7898915949940,CERVEJA IMPERIO ULTRA LATA 269ML,CERVEJAS,UN,,,,
7896045512317,CERVEJA KAISER LATA 350ML,CERVEJAS,UN,,,,
7891991302029,CERVEJA MICHELOB ULTRA LT SLEEK 350ML,CERVEJAS,UN,,,,
7891991299619,CERVEJA MICHELOB ULTRA N LONG NECK 330ML,CERVEJAS,UN,,,,
7891991295086,CERVEJA ORIGINAL LATA 269ML,CERVEJAS,UN,,,,
7891991015493,CERVEJA ORIGINAL LATA 350ML,CERVEJAS,UN,,,,
7898694491562,CERVEJA PRAYA LAGER LONG NECK 330ML,CERVEJAS,UN,,,,
7891991301114,CERVEJA SKOL BEATS GT LONG NECK 269ML,CERVEJAS,UN,,,,
7891991301138,CERVEJA SKOL BEATS SENSES LONG NECK 269ML,CERVEJAS,UN,,,,
7891149103102,CERVEJA SKOL PILSEN LATA 269ML,CERVEJAS,UN,,,,
7891149104468,CERVEJA SKOL PROFISSA RETORNÃVEL 300ML,CERVEJAS,UN,,,,
78934115,CERVEJA SOL PREMIUM LONG NECK,CERVEJAS,UN,,,,
7891991303347,CERVEJA SPATEN N LATA 269ML,CERVEJAS,UN,,,,
7891991297424,CERVEJA SPATEN N LATA SLEEK 350ML,CERVEJAS,UN,,,,
7891991305440,CERVEJA SPATEN N LONG NECK 330ML,CERVEJAS,UN,,,,
7891149103065,CERVEJA STELLA ARTOIS LATA 269ML,CERVEJAS,UN,,,,
7891991016223,CERVEJA STELLA ARTOIS LATA SLEEK 350ML,CERVEJAS,UN,,,,
7891991015462,CERVEJA STELLA ARTOIS LONG NECK 330ML,CERVEJAS,UN,,,,
7891991306461,CERVEJA STELLA ARTOIS LT PURE GOLD 269ML,CERVEJAS,UN,,,,
7891991304870,CERVEJA STELLA ARTOIS PURE GOLD LONG NECK 330ML,CERVEJAS,UN,,,,
7896388010907,CERVEJA TIJUCA PREMIUM SILVER LATA 269ML,CERVEJAS,UN,,,,
510901,GARRAFA VIDRO AMBAR 635ML TIPO A RETORNAVEL,CERVEJAS,UN,,,,
7896045504541,CERVEJA AMSTEL GARRAFA 600ML,CERVEJAS 600ML,UN,,,,
7898230710201,CERVEJA BADEN GOLDEN 600ML,CERVEJAS 600ML,UN,,,,
7898230710102,CERVEJA BADEN PILSEN CRISTAL 600ML,CERVEJAS 600ML,UN,,,,
7898367983615,CERVEJA EISENBAHN PILS GARRAFA 600ML,CERVEJAS 600ML,UN,,,,
7898185414353,CREME DENTAL DENTIL NATURE EXTRA REFRESCANTE 100G,CREME DENTAL,UN,,,,
4005808257621,DEODORANTE NIVEA ROLL-ON MASC SENSITIVE 50ML,DESODORANTE,UN,,,,
7791293033235,DES DOVE AERO 89GR BEAUTY FINISH,DESODORANTE,UN,,,,
7506306241176,DES DOVE AERO 89GR INVISIBLE DRY,DESODORANTE,UN,,,,
7791293022819,DES DOVE AERO MEN 89GR INVISIBLE DRY,DESODORANTE,UN,,,,
4005900398598,DES NIVEA ROLL-ON ORIG PROTECT 50ML,DESODORANTE,UN,,,,
7896235353263,DESODORANTE CORPORAL LEITE COLONIA ROSA 100ML,DESODORANTE,UN,,,,
7896235353249,DESODORANTE CORPORAL LEITE COLONIA VERDE 12X100ML*,DESODORANTE,UN,,,,
4005808257669,DESODORANTE NIVEA PEARL & BEAUTY 48H ROLL ON 50ML,DESODORANTE,UN,,,,
7891150100503,DESODORANTE REXONA AERO 150ML FEM CLIN INVISIBLE UN/0001/UN,DESODORANTE,UN,,,,
7506306241183,DOVE ORIGINAL 150ML,DESODORANTE,UN,,,,
4005900036728,NIVEA DESODORANTE AEROSOL INVISIBLE BLACK WHITE POWER 150ML,DESODORANTE,UN,,,,
4005900122186,NIVEA DESODORANTE AEROSOL PROTECT CARE FEMININO 150ML,DESODORANTE,UN,,,,
7897534836471,ESCOVA DENTAL ESPORTES MACIA,ESCOVA DENTAL,UN,,,,
7897534832145,ESCOVA DENTIL KIDS CENTOPEIA EXTRA MACIA,ESCOVA DENTAL,UN,,,,
7898185414759,ESCOVA DENTIL SUPER CLEAN+FIO DENTAL 25M MACIA,ESCOVA DENTAL,UN,,,,
7896007545100,ABSORVENTE INTIMUS GEL JUMBO SECA C/ABAS 16 PG 14,FRALDAS E ABSORVENTES,UN,,,,
7896007540617,ABSORVENTE INTIMUS GEL NORMAL C/ABAS 8UNID,FRALDAS E ABSORVENTES,UN,,,,
7896007540662,ABSORVENTE INTIMUS GEL NOTURNO C/ ABAS,FRALDAS E ABSORVENTES,UN,,,,
7896007542437,ABSORVENTE INTIMUS GEL NOTURNO SECA ABAS REF-587 12X8,FRALDAS E ABSORVENTES,UN,,,,
7896007545094,ABSORVENTE INTIMUS GEL SUAVE C/ABAS,FRALDAS E ABSORVENTES,UN,,,,
602883331594,GELAO COCO - COCO,GELO,UN1,,,,
618341803435,GELAO COCO LARANJA,GELO,UN1,,,,
602883331570,GELAO COCO MARACUJA,GELO,UN1,,,,
602883331556,GELAO COCO MAÃA VERDE,GELO,UN1,,,,
618341803428,GELAO COCO MELANCIA,GELO,UN1,,,,
602883331563,GELAO COCO MORANGO,GELO,UN1,,,,
0618341803459,GELO DE LIMAO E SAL 200ML,GELO,UN,,,,
618231885329,GELO DE PESSEGO COM MORANGO 200ML,GELO,UN,,,,
618341803442,GELO DE PITAYA E FRUTAS VERMELHAS 200 ML,GELO,UN,,,,
700083468772,GELO EM CUBO - GELO POTAVEL 3KG,GELO,UN,,,,
700083468789,GELO EM CUBO - GELO POTAVEL 5KG,GELO,UN,,,,
4005900380975,NIVEA SAB.CAIXINHA SENSITIVE MEN 12X90GR,SABONETE,UN1,,,,
4005900294722,NIVEA SABONETE CAIXINHA CREME CARE 90GR,SABONETE,UN,,,,
4005900916129,NIVEA SABONETE HIDRATANTE ANTIBAC 3 EM 1 85GR,SABONETE,UN,,,,
4005900521934,NIVEA SABONETE HIDRATANTE ERVA DOCE REF 85GRS,SABONETE,UN,,,,
4005900521972,NIVEA SABONETE HIDRATANTE LAVANDA 85GRS,SABONETE,UN,,,,
4005900527073,SAB NIVEA BARRA BAUNILHA 85GR,SABONETE,UN,,,,
4005900522016,SAB NIVEA BARRA ORQUIDEAS 85GR,SABONETE,UN,,,,
7896090400010,SAB.FRANCIS CLASSICO BRANCO,SABONETE,UN,,,,
7898422746759,SABONETE DOVE,SABONETE,UN,,,,
7896090400034,SABONETE FRANCIS CLASSICO LARANJA 90GRS,SABONETE,UN,,,,
7891176118032,SABONETE FRANCIS CLASSICO PRETO 90GRS,SABONETE,UN,,,,
4005900521910,SABONETE NIVEA HIDRATANTE PROTEINA DO LEITE,SABONETE,UN,,,,
7891150099289,SHAMPOO CLEAR ANTICASPA HIDRATACAO CAMPEA 200ML,SHAMPOO,UN,,,,
7891150008151,SHAMPOO CLEAR ANTICASPA HIDRATACAO INTENSA 200ML,SHAMPOO,UN,,,,
7891150075276,SHAMPOO CLEAR ANTICASPA MEN CABELO E BARBA 200ML,SHAMPOO,UN,,,,
7899706197601,SHAMPOO ELSEVE CACHOS DOS SONHOS 200ML,SHAMPOO,UN,,,,
7899706187343,SHAMPOO ELSEVE HIALURONICO 200ML R1002,SHAMPOO,UN,,,,
7899706244121,SHAMPOO ELSEVE HIALURONICO PURE 200ML,SHAMPOO,UN1,,,,
7899706180924,SHAMPOO ELSEVE LISO DOS SONHOS 200ML,SHAMPOO,UN,,,,
7898587774314,SHAMPOO ELSEVE OLEO EXTRAORDINARIO NUTRICAO(400) 200ML,SHAMPOO,UN,,,,
7899026459960,SHAMPOO ELSEVE REPARACAO TOTAL 5 200ML,SHAMPOO,UN,,,,
7891083611183,BEB ESPUM CHANDON BRUT ROSE NAC 750ML,VINHOS,UN,,,,
7891141010514,BEB VHO M JAMES RIESLING BCO 750ML,VINHOS,UN1,,,,
7896589102708,BEB VHO MIORANZA BCO SECO 2 LT,VINHOS,UN,,,,
7896589100162,BEB VHO MIORANZA TTO SECO 1 L,VINHOS,UN1,,,,
7896589102616,BEB VHO MIORANZA TTO SUAVE 2 LT,VINHOS,UN1,,,,
5601096011915,BEB VHO PORT CASAL GARCIA SWEET RED 750M GF/0001,VINHOS,UN,,,,
7896037913603,BEB VHO QUINTA DO MORGADO TTO SUAVE 2LT,VINHOS,UN1,,,,
7896855904029,"BEB VIN NAC PERGOLA 1,470ML TT SUAVE PET",VINHOS,UN,,,,
5601096200319,BEB VINHO PORT CASAL GARCIA BCO SWEET 750M,VINHOS,UN,,,,
7891083611138,BEB. ESPUMANTE CHANDON RESERVE BRUT,VINHOS,UN,,,,
7891083611442,ESPUMANTE CHANDON BABY ROSE 187ML,VINHOS,UN,,,,
5601096328303,VIN PORT CASAL GARCIA 750ML ROSE UN/0001/UN,VINHOS,UN,,,,
5601096351301,VINHO CASAL GARCIA TINTO750ML,VINHOS,UN,,,,
5601096201309,VINHO CASAL GARCIA VINHO VERDE 750ML,VINHOS,UN,,,,
7804320303178,VINHO CASILLERO DEL DIABLO 750ML CARBENET SAUVIGNON,VINHOS,UN,,,,
7804320087016,VINHO CASILLERO DEL DIABLO 750ML CARMENERE,VINHOS,UN,,,,
7804320116846,VINHO CHILE CONCHAYTORO RESERVADO CABERNET SAUVIGNON  750ML,VINHOS,UN,,,,
7804320116921,VINHO CHILE CONCHAYTORO RESERVADO CARMENERE 750ML,VINHOS,UN,,,,
7804320148397,VINHO CHILENO RESERVARDO MERLOT,VINHOS,UN,,,,
7804320985640,VINHO CYT 750ML AMELIA SF 2018 CHARDONNAY 1X750ML,VINHOS,UN,,,,
7804320985633,VINHO CYT 750ML CASILLERO DEL DIABLO MERLOT 750ML,VINHOS,UN,,,,
7804320510163,VINHO CYT 750ML CASILLERO DEL DIABLO PINOT NOIR 750ML,VINHOS,UN,,,,
7804320131344,VINHO CYT 750ML CASILLERO DEL DIABLO ROSE 750ML,VINHOS,UN,,,,
7804320483559,VINHO CYT 750ML MARQUES CASA CONCHA SF 2018 PINOT NOIR 1X750ML,VINHOS,UN,,,,
7804320253480,VINHO CYT 750ML MARQUES CASA CONCHA SF 2019 MERLOT 1X750ML,VINHOS,UN,,,,
7804320746166,VINHO CYT 750ML MARQUES CASA CONCHA SF 2020 CINSAULT ROSE 1X750ML,VINHOS,UN,,,,
7804320032313,VINHO CYT 750ML TERRUNYO SF 2017 CABERNET SAUVIGNON 1X750ML,VINHOS,UN,,,,
7804320032290,VINHO CYT 750ML TERRUNYO SF 2018 CARMENERE 1X750ML,VINHOS,UN,,,,
7804320032276,VINHO CYT 750ML TERRUNYO SF 2020 SAUVIGNON BLANC 1X750ML,VINHOS,UN,,,,
7891141034510,VINHO MARCOS JAMES 750ML RESERVADO ROSE,VINHOS,UN,,,,
7891141021374,VINHO MARCUS JAMES MERLOT TTO 750ML,VINHOS,UN,,,,
7896589101084,VINHO MIORANZA BORDO TINTO SUAVE 1L,VINHOS,UN,,,,
7896589100186,VINHO MIORANZA SUAVE 1LT,VINHOS,UN,,,,
7896589103026,VINHO NAC MIORANZA 750ML BCO SUAVE,VINHOS,UN,,,,
7896855901431,VINHO NAC PERGOLA 1LT BCO SUAVE,VINHOS,UN,,,,
7896855903022,VINHO NACIONAL PERGOLA 750ML TINTO SUAVE,VINHOS,UN,,,,
7896855901417,VINHO NACIONAL PERGOLA TINTO SUAVE 1L,VINHOS,UN,,,,
7897946400680,BB VODKA RUSTOFF BLACK 970ML,VODKA,UN,,,,
088076161863,CIROC VODKA 750ML SNAP FROST.,VODKA,UN,,,,
7896037916123,GIN ROCKS DRY GIN 995 ML,VODKA,UN,,,,
7501035042322,JOSE CUERVO ESPECIAL 750ML,VODKA,UN,,,,
7893218000473,VODKA SMIRNOFF 998ML,VODKA,UN,,,,
082184090442,BB WHISKY JACK DANIELS 1LT,WHISKY,UN,,,,
5000267013602,BEBIDA WHISKY JOHNNIE WALKER RED LABEL 1L,WHISKY,UN,,,,
5000267023601,JOHNNIE WALKER BLACK LABEL 12 ANOS 1 LT,WHISKY,UN,,,,
5000267107776,JOHNNIE WALKER GOLD LABEL 750ML,WHISKY,UN,,,,
7891050003652,LICOR DE WHISKY PASSPORT HONEY 670ML,WHISKY,UN,,,,
5000299628768,WHISKY BALLANTINES 1L 10YO 1X1L,WHISKY,UN,,,,
5000299628744,WHISKY BALLANTINES 750ML 10 ANOS,WHISKY,UN,,,,
5010106111956,WHISKY BALLANTINES FISNET 8 ANOS 1L,WHISKY,UN,,,,
50196913,WHISKY BUCHANANS 18 ANOS SPECIAL RSESRVE,WHISKY,UN,,,,
50196364,WHISKY BUCHANANS DELUXE 1L,WHISKY,UN,,,,
080432400432,WHISKY ESC CHIVAS 12 ANOS 1LT,WHISKY,UN,,,,
5000267024004,WHISKY JOHNNIE WALKER BLACK 750ML,WHISKY,UN,,,,
5000267197630,WHISKY JOHNNIE WALKER GOLD LABEL 750 ML,WHISKY,UN,,,,
5010314302863,WHISKY MACALLAN DOUBLE CASK,WHISKY,UN,,,,
5000281004020,WHISKY OLD PAR 1L,WHISKY,UN,,,,
5000299211243,WHISKY ROYAL SALUTE 21 ANOS,WHISKY,UN,,,,
5000299624227,WHISKY ROYAL SALUTE 21YO GRAIN 700ML,WHISKY,UN,,,,
5000265001335,WHISKY WHITE HORSE 1LT,WHISKY,UN,,,,
